Year,Forecast_tons
2024,84770.20100504225
2025,83654.1750167822
2026,82750.18683633645
2027,82017.9506348662
2028,81424.83463363796
