Year,Prediction
2025,0.5093905139407164
2026,0.7671655686497907
2027,1.068300430215892
2028,1.392025985585576
2029,1.7161554135785817
2030,2.0208686228735
