Year,Prediction
2025,-39462.99000000022
2026,-44918.54000000097
2027,-50374.08999999985
2028,-55829.640000000596
2029,-61285.19000000134
2030,-66740.74000000022
