Year,Prediction
2025,7670333.888999999
2026,7828865.10138464
2027,7987396.313769221
2028,8145927.5261538625
2029,8304458.738538444
2030,8462989.950923085
