Year,Prediction
2025,5277264.58697654
2026,5277264.124253397
2027,5277263.6089946935
2028,5277263.081650208
2029,5277262.577335644
2030,5277262.12251835
