Year,Prediction
2025,7489339.31200001
2026,7489339.31200001
2027,7489339.31200001
2028,7489339.31200001
2029,7489339.31200001
2030,7489339.31200001
