Year,Prediction
2025,113294.39200000092
2026,119723.96153846197
2027,126153.53107692301
2028,132583.10061538592
2029,139012.67015384696
2030,145442.239692308
