Year,Prediction
2025,5.2810481857117
2026,5.0002200257337215
2027,4.609125068720877
2028,4.159888917066722
2029,3.700191026105508
2030,3.267771464120438
