Year,Prediction
2025,407505.1890000001
2026,407505.1890000001
2027,407505.1890000001
2028,407505.1890000001
2029,407505.1890000001
2030,407505.1890000001
