Year,Prediction
2025,5313032.03148808
2026,5313031.686403699
2027,5313031.281720795
2028,5313030.851983372
2029,5313030.429092351
2030,5313030.038730624
