Year,Prediction
2025,7744165.171000004
2026,7903670.396769226
2027,8063175.622538447
2028,8222680.848307669
2029,8382186.074076891
2030,8541691.299846113
