Year,Prediction
2025,7896844.490999993
2026,7896844.490999993
2027,7896844.490999993
2028,7896844.490999993
2029,7896844.490999993
2030,7896844.490999993
