Year,Prediction
2025,2578760.356999997
2026,2578760.356999997
2027,2578760.356999997
2028,2578760.356999997
2029,2578760.356999997
2030,2578760.356999997
