Year,Prediction
2025,2279083.732466074
2026,2279083.499814447
2027,2279083.2930259835
2028,2279083.1119006104
2029,2279082.9560507927
2030,2279082.8247932843
