Year,Prediction
2025,3006733.0639999956
2026,3063764.2323076874
2027,3120795.400615379
2028,3177826.568923071
2029,3234857.737230763
2030,3291888.9055384547
