Year,Prediction
2025,2251302.4849999845
2026,2346174.566923052
2027,2441046.6488461196
2028,2535918.730769217
2029,2630790.8126922846
2030,2725662.894615352
