Year,Prediction
2025,2375966.453999997
2026,2375966.453999997
2027,2375966.453999997
2028,2375966.453999997
2029,2375966.453999997
2030,2375966.453999997
