Year,Prediction
2025,637244.2235848032
2026,637243.5399708708
2027,637242.8296302506
2028,637242.1395028341
2029,637241.5063069578
2030,637240.9543885255
