Year,Prediction
2025,8499595.752000004
2026,8621260.064615369
2027,8742924.377230763
2028,8864588.689846158
2029,8986253.002461523
2030,9107917.315076917
