Year,Prediction
2025,7210737.525306331
2026,7210736.709559044
2027,7210735.901203936
2028,7210735.141035823
2029,7210734.459591888
2030,7210733.875627056
