Year,Prediction
2025,8099638.4040000085
2026,8099638.4040000085
2027,8099638.4040000085
2028,8099638.4040000085
2029,8099638.4040000085
2030,8099638.4040000085
