Year,Prediction
2025,2139974.2526700897
2026,2139974.945270044
2027,2139975.678088516
2028,2139976.3947592103
2029,2139977.05283862
2030,2139977.625229848
