Year,Prediction
2025,1803528.4570000023
2026,1776616.6973846182
2027,1749704.9377692342
2028,1722793.1781538501
2029,1695881.4185384586
2030,1668969.6589230746
