Year,Prediction
2025,4605559.9566459395
2026,4605559.075456394
2027,4605558.21176104
2028,4605557.408099639
2029,4605556.694592954
2030,4605556.088325235
