Year,Prediction
2025,6696067.354000032
2026,6844643.426769257
2027,6993219.499538481
2028,7141795.572307706
2029,7290371.6450769305
2030,7438947.717846155
