Year,Prediction
2025,8099638.414000008
2026,8099638.414000008
2027,8099638.414000008
2028,8099638.414000008
2029,8099638.414000008
2030,8099638.414000008
