Year,Prediction
2025,8499595.738999993
2026,8621260.049384624
2027,8742924.359769225
2028,8864588.670153856
2029,8986252.980538458
2030,9107917.290923089
